scenario_id,train_delay,maintenance_overrun,traffic_factor,asset_risk
SC0001,8.37,2.36,1.127,0.41
SC0002,11.34,7.33,1.045,0.513
SC0003,7.35,6.91,0.755,0.103
SC0004,6.58,5.06,0.853,0.341
SC0005,12.32,1.84,1.18,0.337
SC0006,7.01,5.52,1.048,0.277
SC0007,9.38,4.72,0.909,0.403
SC0008,8.76,0.0,0.98,0.295
SC0009,12.31,0.0,1.002,0.282
SC0010,5.76,7.26,1.088,0.161
SC0011,15.18,0.0,0.837,0.16
SC0012,4.69,5.82,0.899,0.173
SC0013,9.81,3.09,1.033,0.148
SC0014,9.03,10.23,0.988,0.542
SC0015,4.36,3.03,1.069,0.148
SC0016,10.38,7.64,0.852,0.18
SC0017,6.1,3.41,1.043,0.139
SC0018,3.25,5.45,1.131,0.21
SC0019,11.29,7.95,1.058,0.042
SC0020,2.26,3.15,1.017,0.407
SC0021,3.79,8.99,0.988,0.039
SC0022,7.29,1.03,0.9,0.217
SC0023,12.26,6.18,0.991,0.451
SC0024,10.82,8.69,1.151,0.453
SC0025,8.27,7.64,0.986,0.296
SC0026,1.62,12.67,0.893,0.123
SC0027,4.52,1.95,0.941,0.121
SC0028,5.34,0.0,1.024,0.326
SC0029,3.12,1.02,0.955,0.313
SC0030,1.21,7.64,1.058,0.16
SC0031,7.54,6.99,1.063,0.163
SC0032,11.06,5.41,1.107,0.111
SC0033,5.02,0.51,1.171,0.416
SC0034,12.15,8.07,1.12,0.76
SC0035,2.01,0.1,0.888,0.585
SC0036,2.96,9.64,0.892,0.113
SC0037,7.43,16.43,0.991,0.498
SC0038,4.69,6.47,0.946,0.08
SC0039,10.45,7.33,0.863,0.102
SC0040,9.31,3.03,0.947,0.444
SC0041,4.96,0.0,0.943,0.167
SC0042,2.2,2.59,0.919,0.149
SC0043,4.52,0.63,0.962,0.556
SC0044,9.47,0.0,1.141,0.102
SC0045,10.73,11.89,1.024,0.513
SC0046,4.71,6.09,1.297,0.291
SC0047,1.2,6.52,1.02,0.576
SC0048,1.9,3.76,0.965,0.599
SC0049,8.95,4.31,1.0,0.439
SC0050,4.9,8.86,1.031,0.322
SC0051,4.99,4.87,1.052,0.182
SC0052,2.91,7.12,1.249,0.355
SC0053,2.87,4.22,0.899,0.759
SC0054,12.02,3.63,1.103,0.399
SC0055,9.17,0.0,1.025,0.56
SC0056,4.05,0.0,0.811,0.427
SC0057,7.05,3.95,1.092,0.249
SC0058,7.94,5.23,1.152,0.179
SC0059,18.83,0.0,0.897,0.277
SC0060,2.66,4.86,0.999,0.193
SC0061,7.87,5.22,0.793,0.429
SC0062,11.98,0.0,0.849,0.031
SC0063,17.44,1.34,1.126,0.357
SC0064,3.88,6.63,0.944,0.23
SC0065,4.85,6.55,0.867,0.601
SC0066,10.51,0.39,1.028,0.286
SC0067,1.59,5.63,0.937,0.424
SC0068,8.42,9.09,0.944,0.39
SC0069,23.21,8.11,1.089,0.266
SC0070,9.04,4.62,0.861,0.285
SC0071,0.61,3.13,0.891,0.139
SC0072,3.29,2.48,1.018,0.127
SC0073,3.98,6.87,1.116,0.261
SC0074,13.83,5.78,1.149,0.242
SC0075,5.88,7.52,0.92,0.283
SC0076,1.22,5.53,1.112,0.272
SC0077,6.39,8.28,0.906,0.471
SC0078,7.36,5.38,1.219,0.298
SC0079,4.41,8.14,0.864,0.091
SC0080,2.82,8.48,1.159,0.203
SC0081,24.81,1.78,0.921,0.429
SC0082,12.0,0.0,1.242,0.283
SC0083,12.73,11.17,1.071,0.038
SC0084,5.89,6.03,0.878,0.259
SC0085,3.82,0.0,0.937,0.346
SC0086,4.58,2.14,1.094,0.391
SC0087,2.01,8.09,1.126,0.444
SC0088,18.6,3.88,0.992,0.356
SC0089,6.07,2.95,1.005,0.024
SC0090,15.94,10.6,1.091,0.422
SC0091,4.76,0.81,1.016,0.079
SC0092,9.13,1.81,0.845,0.092
SC0093,7.66,5.85,0.902,0.495
SC0094,1.8,6.56,1.028,0.406
SC0095,20.12,6.99,1.146,0.06
SC0096,4.88,8.64,1.194,0.196
SC0097,2.43,5.79,1.094,0.385
SC0098,10.57,6.96,1.034,0.325
SC0099,6.64,3.96,1.09,0.302
SC0100,8.57,5.25,0.92,0.158
SC0101,7.15,5.43,0.982,0.396
SC0102,0.7,5.86,0.901,0.41
SC0103,3.19,8.09,0.85,0.622
SC0104,3.08,7.22,1.04,0.118
SC0105,12.6,5.18,1.022,0.24
SC0106,6.83,1.76,1.083,0.326
SC0107,9.52,5.27,1.066,0.312
SC0108,5.11,4.89,1.029,0.338
SC0109,9.85,5.77,1.067,0.198
SC0110,5.9,13.83,0.995,0.265
SC0111,5.58,2.9,1.05,0.196
SC0112,7.62,6.69,0.913,0.64
SC0113,7.14,9.27,1.044,0.301
SC0114,29.95,5.39,1.08,0.143
SC0115,3.16,14.35,0.92,0.293
SC0116,1.61,3.49,1.006,0.113
SC0117,8.43,6.3,0.925,0.4
SC0118,3.57,1.8,0.937,0.327
SC0119,0.59,3.59,0.865,0.367
SC0120,2.55,6.0,1.152,0.139
SC0121,25.84,8.39,1.128,0.207
SC0122,3.09,6.28,1.064,0.244
SC0123,1.09,10.04,1.237,0.129
SC0124,24.81,4.62,0.977,0.244
SC0125,2.46,3.67,1.364,0.1
SC0126,35.73,15.82,0.973,0.311
SC0127,4.94,6.58,1.031,0.427
SC0128,20.17,2.12,0.952,0.041
SC0129,5.48,2.22,1.045,0.304
SC0130,9.17,1.23,1.1,0.098
SC0131,6.0,8.75,0.986,0.446
SC0132,5.51,3.54,1.213,0.065
SC0133,7.94,5.51,1.029,0.248
SC0134,9.41,4.75,1.032,0.416
SC0135,7.5,7.93,0.891,0.295
SC0136,6.94,1.61,1.05,0.205
SC0137,3.59,0.7,0.984,0.087
SC0138,6.18,5.9,0.927,0.248
SC0139,18.54,7.4,0.907,0.329
SC0140,3.45,6.33,1.321,0.78
SC0141,8.11,1.76,0.968,0.47
SC0142,14.9,7.71,0.825,0.223
SC0143,9.47,2.02,0.916,0.533
SC0144,12.69,2.91,0.994,0.222
SC0145,2.42,1.22,1.066,0.315
SC0146,8.12,10.2,1.067,0.564
SC0147,5.27,7.53,1.081,0.14
SC0148,5.45,7.42,0.923,0.193
SC0149,17.52,9.99,1.041,0.361
SC0150,5.52,16.25,0.895,0.536
SC0151,8.31,0.0,0.926,0.329
SC0152,1.09,2.05,0.89,0.511
SC0153,20.16,2.54,0.857,0.632
SC0154,12.2,1.6,1.128,0.633
SC0155,6.35,0.69,1.083,0.358
SC0156,5.08,3.8,1.117,0.352
SC0157,10.15,0.13,1.005,0.512
SC0158,14.78,6.34,1.093,0.121
SC0159,20.34,5.21,0.789,0.166
SC0160,11.92,6.92,1.104,0.224
SC0161,7.02,7.03,1.021,0.347
SC0162,13.19,7.41,1.075,0.171
SC0163,11.58,3.51,1.046,0.467
SC0164,7.04,13.48,0.882,0.245
SC0165,11.34,5.94,0.82,0.155
SC0166,11.2,0.0,0.915,0.118
SC0167,6.33,0.99,1.068,0.48
SC0168,4.33,0.0,1.083,0.205
SC0169,10.53,5.07,0.836,0.27
SC0170,2.68,4.51,0.882,0.074
SC0171,2.15,3.13,0.913,0.225
SC0172,8.41,13.04,0.957,0.105
SC0173,10.33,7.2,0.837,0.402
SC0174,8.37,7.9,0.829,0.192
SC0175,9.04,1.28,0.901,0.346
SC0176,10.21,1.0,1.01,0.038
SC0177,17.56,5.15,0.858,0.421
SC0178,12.06,5.69,0.986,0.233
SC0179,11.81,0.0,1.127,0.13
SC0180,7.94,4.28,0.844,0.698
SC0181,8.16,5.06,0.975,0.235
SC0182,5.93,4.14,1.123,0.192
SC0183,8.85,1.75,0.95,0.115
SC0184,2.56,2.84,0.931,0.277
SC0185,17.62,4.29,1.14,0.418
SC0186,3.26,5.36,0.963,0.264
SC0187,12.05,7.42,1.133,0.509
SC0188,16.15,9.32,1.051,0.343
SC0189,12.03,3.82,0.959,0.508
SC0190,27.36,3.18,1.058,0.12
SC0191,0.75,6.75,1.038,0.211
SC0192,4.57,7.44,1.123,0.245
SC0193,15.97,3.26,0.934,0.164
SC0194,2.07,8.16,1.005,0.294
SC0195,3.35,8.92,0.993,0.093
SC0196,9.76,10.17,1.084,0.415
SC0197,6.95,12.11,0.877,0.071
SC0198,9.33,1.53,1.122,0.794
SC0199,7.41,5.06,1.056,0.339
SC0200,7.92,5.05,0.842,0.442
SC0201,3.65,4.61,1.145,0.327
SC0202,7.74,2.4,1.268,0.099
SC0203,4.83,0.0,1.12,0.177
SC0204,5.39,5.37,1.171,0.245
SC0205,11.93,1.93,1.01,0.475
SC0206,1.96,5.34,0.801,0.116
SC0207,0.42,1.82,0.779,0.431
SC0208,11.33,0.6,1.031,0.625
SC0209,7.74,5.94,0.929,0.239
SC0210,16.14,5.6,0.89,0.023
SC0211,3.43,7.32,0.992,0.481
SC0212,6.17,13.74,1.074,0.189
SC0213,7.15,6.11,0.826,0.181
SC0214,4.04,6.94,0.946,0.586
SC0215,3.05,0.69,1.181,0.1
SC0216,11.74,0.0,0.871,0.051
SC0217,1.77,11.33,1.104,0.207
SC0218,2.61,1.31,0.942,0.712
SC0219,6.01,0.82,1.065,0.143
SC0220,12.7,4.84,1.132,0.351
SC0221,4.27,4.64,1.089,0.236
SC0222,3.83,1.39,1.109,0.308
SC0223,5.74,3.78,0.862,0.196
SC0224,8.72,9.92,1.134,0.167
SC0225,5.05,1.78,0.898,0.326
SC0226,13.84,0.0,1.031,0.135
SC0227,14.24,8.77,1.031,0.443
SC0228,6.01,6.97,1.058,0.135
SC0229,22.67,2.52,1.04,0.67
SC0230,7.03,0.0,0.899,0.341
SC0231,13.91,2.02,0.838,0.463
SC0232,8.54,4.78,1.105,0.3
SC0233,8.42,9.66,1.022,0.222
SC0234,1.37,0.85,1.138,0.188
SC0235,2.4,4.66,0.995,0.332
SC0236,5.26,7.7,0.831,0.238
SC0237,14.16,0.0,1.116,0.475
SC0238,8.63,9.14,0.956,0.444
SC0239,5.3,0.27,1.041,0.425
SC0240,10.4,6.33,0.922,0.433
SC0241,13.81,5.99,1.197,0.372
SC0242,6.7,9.34,0.895,0.23
SC0243,7.89,7.2,0.96,0.168
SC0244,7.15,0.0,1.013,0.188
SC0245,6.38,1.86,0.869,0.372
SC0246,3.4,5.55,1.04,0.116
SC0247,3.17,4.22,1.193,0.377
SC0248,10.36,6.91,0.941,0.091
SC0249,13.99,8.16,1.047,0.366
SC0250,5.3,7.43,0.7,0.295
SC0251,5.2,4.14,0.995,0.15
SC0252,0.98,0.0,0.962,0.092
SC0253,0.77,3.18,0.902,0.564
SC0254,16.48,6.67,1.13,0.304
SC0255,3.6,0.64,0.961,0.137
SC0256,28.6,7.53,0.979,0.56
SC0257,4.17,8.63,0.955,0.467
SC0258,1.42,5.51,0.77,0.394
SC0259,7.19,0.0,0.864,0.111
SC0260,11.64,0.0,1.115,0.161
SC0261,10.75,12.54,0.747,0.03
SC0262,12.46,2.81,0.908,0.126
SC0263,2.81,0.0,0.952,0.233
SC0264,16.22,9.94,1.209,0.294
SC0265,16.86,5.05,1.092,0.391
SC0266,17.36,9.42,0.933,0.147
SC0267,8.09,6.11,1.157,0.044
SC0268,4.97,6.83,0.911,0.1
SC0269,4.61,6.45,1.121,0.405
SC0270,1.41,7.79,0.837,0.515
SC0271,4.25,14.11,1.129,0.22
SC0272,0.37,8.88,0.951,0.241
SC0273,1.2,0.0,0.877,0.473
SC0274,8.03,6.79,0.974,0.246
SC0275,5.44,9.57,1.033,0.192
SC0276,7.77,9.81,0.941,0.418
SC0277,11.02,3.29,1.066,0.429
SC0278,8.86,9.66,0.93,0.234
SC0279,8.32,8.71,1.074,0.421
SC0280,6.23,15.29,1.053,0.153
SC0281,3.48,2.0,0.993,0.259
SC0282,2.08,2.97,0.947,0.31
SC0283,4.35,3.78,1.018,0.134
SC0284,6.31,3.04,1.066,0.159
SC0285,6.93,1.44,1.247,0.193
SC0286,12.48,0.0,1.113,0.371
SC0287,5.88,3.26,1.117,0.5
SC0288,9.92,6.48,1.371,0.5
SC0289,1.64,3.03,1.062,0.44
SC0290,8.11,12.74,1.058,0.178
SC0291,7.7,5.05,1.084,0.615
SC0292,16.22,10.16,0.879,0.03
SC0293,5.45,6.05,0.947,0.424
SC0294,5.26,8.31,0.939,0.355
SC0295,11.08,6.12,1.078,0.076
SC0296,2.25,10.48,0.979,0.223
SC0297,7.96,5.22,1.017,0.298
SC0298,2.14,6.98,1.13,0.1
SC0299,21.19,6.47,1.104,0.265
SC0300,4.71,3.85,0.981,0.118
SC0301,2.0,6.62,0.92,0.306
SC0302,4.32,13.94,1.136,0.329
SC0303,7.99,3.92,1.093,0.068
SC0304,9.7,6.68,0.807,0.261
SC0305,15.65,10.03,0.962,0.38
SC0306,3.89,9.56,1.02,0.034
SC0307,11.43,5.05,1.093,0.351
SC0308,1.2,0.0,1.109,0.392
SC0309,2.62,7.07,1.034,0.588
SC0310,1.69,0.0,1.07,0.333
SC0311,3.31,10.88,1.008,0.121
SC0312,11.07,5.68,0.919,0.307
SC0313,3.97,9.0,0.969,0.322
SC0314,4.64,1.39,1.002,0.431
SC0315,8.15,0.0,0.996,0.527
SC0316,9.41,6.04,0.774,0.295
SC0317,4.76,4.87,0.952,0.247
SC0318,2.61,3.03,1.007,0.292
SC0319,18.93,5.34,0.966,0.226
SC0320,4.79,16.07,0.97,0.326
SC0321,5.19,8.34,1.059,0.116
SC0322,5.73,9.2,0.871,0.417
SC0323,10.13,8.38,0.805,0.354
SC0324,1.54,10.92,0.958,0.305
SC0325,23.88,4.24,1.092,0.126
SC0326,5.07,0.0,1.203,0.107
SC0327,10.38,4.25,1.094,0.474
SC0328,2.02,8.25,0.824,0.589
SC0329,7.55,1.12,0.972,0.341
SC0330,21.49,4.29,1.031,0.639
SC0331,19.52,2.23,1.021,0.446
SC0332,10.18,11.01,1.065,0.139
SC0333,3.11,8.0,0.89,0.305
SC0334,15.09,7.61,1.008,0.219
SC0335,1.19,7.49,1.05,0.352
SC0336,3.01,4.85,1.099,0.28
SC0337,6.25,5.79,0.903,0.381
SC0338,1.32,0.26,0.959,0.404
SC0339,4.32,0.0,0.7,0.173
SC0340,11.6,5.6,0.925,0.267
SC0341,3.62,6.3,0.937,0.316
SC0342,11.98,9.84,0.878,0.372
SC0343,28.09,11.29,1.02,0.492
SC0344,8.88,11.28,0.993,0.125
SC0345,11.84,1.01,0.729,0.153
SC0346,15.44,3.59,1.026,0.146
SC0347,4.66,6.92,0.889,0.468
SC0348,11.64,15.13,1.058,0.377
SC0349,4.57,10.92,0.846,0.154
SC0350,8.42,9.48,1.004,0.275
SC0351,12.89,3.45,0.966,0.063
SC0352,3.24,1.47,1.036,0.084
SC0353,0.43,8.16,1.015,0.113
SC0354,2.97,0.6,0.969,0.445
SC0355,14.22,4.05,0.816,0.402
SC0356,2.63,4.54,0.823,0.162
SC0357,13.68,11.37,0.93,0.185
SC0358,2.98,3.58,0.999,0.114
SC0359,5.59,0.0,0.927,0.124
SC0360,6.6,7.02,1.075,0.171
SC0361,2.62,2.2,0.966,0.313
SC0362,5.64,5.17,0.884,0.267
SC0363,1.41,4.65,0.967,0.04
SC0364,5.01,3.91,1.027,0.129
SC0365,6.18,8.16,1.039,0.345
SC0366,0.46,0.0,1.225,0.304
SC0367,2.95,2.93,0.92,0.182
SC0368,8.24,7.74,0.991,0.348
SC0369,2.34,2.54,1.051,0.185
SC0370,9.26,0.0,0.997,0.404
SC0371,9.92,7.67,0.94,0.33
SC0372,8.21,9.49,0.814,0.203
SC0373,11.54,4.82,0.939,0.661
SC0374,1.31,0.0,0.871,0.243
SC0375,13.29,7.82,0.793,0.454
SC0376,2.66,0.0,0.905,0.431
SC0377,7.19,6.24,0.874,0.113
SC0378,20.92,1.45,1.07,0.177
SC0379,4.93,0.36,1.072,0.52
SC0380,6.73,3.23,0.892,0.198
SC0381,2.68,4.27,0.969,0.319
SC0382,20.79,2.42,0.777,0.161
SC0383,2.95,7.35,0.941,0.357
SC0384,10.55,3.22,1.048,0.164
SC0385,15.43,8.92,1.099,0.421
SC0386,11.26,6.12,0.914,0.336
SC0387,8.59,2.21,1.126,0.362
SC0388,7.11,1.54,0.818,0.479
SC0389,2.0,0.0,0.85,0.317
SC0390,20.17,6.16,1.085,0.218
SC0391,8.07,3.58,1.201,0.101
SC0392,6.73,0.0,1.059,0.421
SC0393,2.46,2.86,0.995,0.48
SC0394,6.98,1.4,0.737,0.599
SC0395,6.41,11.3,0.757,0.39
SC0396,20.92,0.0,1.016,0.125
SC0397,6.73,0.0,0.957,0.555
SC0398,6.9,9.44,0.867,0.196
SC0399,2.49,10.43,1.008,0.2
SC0400,3.51,2.02,1.014,0.353
SC0401,9.67,2.47,1.113,0.181
SC0402,1.04,7.46,1.016,0.369
SC0403,13.24,0.0,1.147,0.213
SC0404,13.49,0.0,1.001,0.486
SC0405,3.19,3.88,0.986,0.393
SC0406,8.61,11.2,1.128,0.12
SC0407,15.77,3.26,0.883,0.42
SC0408,6.01,5.4,1.338,0.24
SC0409,5.15,9.54,1.045,0.636
SC0410,5.68,13.43,1.046,0.225
SC0411,8.06,2.69,1.063,0.363
SC0412,3.92,4.93,1.225,0.265
SC0413,4.8,12.29,1.095,0.158
SC0414,8.18,0.0,0.807,0.254
SC0415,4.48,9.11,1.168,0.398
SC0416,2.29,0.93,0.959,0.232
SC0417,0.93,5.41,1.013,0.158
SC0418,6.83,4.03,0.846,0.383
SC0419,15.11,1.17,1.063,0.181
SC0420,8.93,1.07,0.922,0.397
SC0421,2.37,6.11,1.012,0.355
SC0422,3.49,8.98,0.966,0.302
SC0423,5.12,4.48,1.231,0.427
SC0424,21.37,5.28,1.238,0.562
SC0425,22.14,7.28,1.006,0.338
SC0426,20.44,1.11,1.008,0.196
SC0427,7.37,7.96,0.955,0.475
SC0428,40.24,8.28,1.133,0.399
SC0429,3.64,15.41,0.961,0.355
SC0430,4.97,3.5,0.949,0.075
SC0431,12.55,3.17,1.117,0.404
SC0432,8.21,8.08,0.935,0.252
SC0433,8.56,8.28,0.995,0.037
SC0434,2.77,2.86,0.81,0.017
SC0435,6.37,3.39,1.085,0.182
SC0436,3.69,7.16,1.233,0.039
SC0437,1.86,1.69,1.087,0.301
SC0438,4.08,3.36,1.175,0.071
SC0439,8.21,5.36,0.898,0.228
SC0440,11.15,8.98,1.028,0.202
SC0441,0.89,2.58,0.887,0.149
SC0442,6.6,0.0,0.973,0.203
SC0443,6.15,0.0,1.093,0.2
SC0444,7.9,0.0,1.012,0.452
SC0445,2.42,0.0,0.83,0.606
SC0446,2.46,4.38,0.842,0.494
SC0447,15.38,0.24,0.834,0.109
SC0448,3.22,2.19,1.059,0.43
SC0449,4.77,1.9,1.248,0.487
SC0450,5.18,3.24,1.163,0.056
SC0451,3.75,10.29,0.772,0.186
SC0452,9.46,7.65,1.171,0.405
SC0453,8.89,5.06,1.112,0.166
SC0454,5.93,3.16,0.815,0.477
SC0455,3.94,3.27,0.964,0.352
SC0456,5.57,6.31,1.131,0.372
SC0457,7.03,7.34,1.066,0.529
SC0458,3.49,1.37,0.843,0.456
SC0459,9.97,5.15,1.073,0.106
SC0460,13.18,0.0,0.743,0.172
SC0461,17.17,5.85,0.973,0.316
SC0462,16.48,8.05,1.137,0.162
SC0463,5.16,3.88,1.002,0.351
SC0464,7.3,12.27,0.94,0.35
SC0465,5.84,1.48,1.107,0.109
SC0466,5.83,5.87,1.117,0.317
SC0467,5.54,4.86,1.157,0.149
SC0468,6.7,4.6,1.105,0.197
SC0469,14.68,4.54,1.13,0.316
SC0470,8.4,5.43,1.088,0.441
SC0471,2.31,8.39,1.032,0.121
SC0472,12.8,10.51,1.011,0.441
SC0473,7.82,4.99,0.972,0.345
SC0474,9.54,8.26,0.855,0.317
SC0475,8.28,2.19,0.885,0.22
SC0476,8.56,8.06,0.966,0.324
SC0477,8.85,1.95,1.029,0.134
SC0478,1.14,9.36,1.173,0.214
SC0479,9.45,13.84,0.995,0.442
SC0480,3.62,4.51,1.12,0.338
SC0481,4.47,0.0,1.13,0.358
SC0482,6.66,2.81,0.972,0.77
SC0483,18.99,9.93,1.071,0.202
SC0484,2.71,7.21,0.971,0.37
SC0485,6.48,6.0,1.159,0.115
SC0486,5.43,9.03,1.076,0.539
SC0487,12.67,6.94,0.857,0.255
SC0488,5.31,9.87,1.019,0.291
SC0489,7.89,8.68,1.198,0.056
SC0490,2.72,11.09,0.978,0.254
SC0491,14.15,6.44,1.054,0.117
SC0492,1.7,8.62,1.066,0.638
SC0493,9.36,3.77,0.876,0.244
SC0494,7.92,2.59,1.061,0.149
SC0495,8.79,11.83,0.833,0.253
SC0496,1.73,5.86,0.925,0.171
SC0497,5.22,8.22,1.129,0.018
SC0498,12.25,5.49,1.043,0.268
SC0499,20.89,2.65,0.963,0.12
SC0500,6.12,5.04,1.054,0.273
SC0501,11.46,10.74,0.993,0.52
SC0502,7.36,7.22,1.002,0.425
SC0503,6.37,0.0,1.079,0.485
SC0504,4.75,4.14,0.913,0.314
SC0505,6.68,12.13,1.005,0.262
SC0506,10.76,4.14,0.963,0.088
SC0507,11.38,0.0,0.81,0.357
SC0508,2.11,12.57,0.89,0.515
SC0509,4.4,7.73,1.188,0.294
SC0510,2.6,4.72,1.046,0.728
SC0511,6.94,3.51,0.841,0.297
SC0512,5.07,9.33,0.815,0.478
SC0513,8.58,2.83,0.987,0.201
SC0514,9.01,9.59,1.187,0.203
SC0515,0.56,7.17,0.978,0.177
SC0516,6.64,5.98,1.157,0.163
SC0517,14.87,5.58,1.042,0.505
SC0518,4.4,4.3,1.057,0.086
SC0519,4.3,9.18,0.84,0.142
SC0520,13.17,1.54,1.113,0.656
SC0521,11.75,0.0,0.96,0.446
SC0522,2.85,7.46,1.104,0.228
SC0523,10.96,7.52,0.902,0.331
SC0524,3.45,6.92,1.021,0.247
SC0525,4.26,6.63,1.042,0.453
SC0526,2.85,3.72,0.982,0.163
SC0527,2.09,8.15,1.049,0.143
SC0528,7.25,4.82,0.968,0.211
SC0529,1.78,3.05,0.922,0.493
SC0530,7.47,3.75,1.193,0.097
SC0531,7.3,13.08,1.126,0.44
SC0532,5.9,0.0,0.909,0.265
SC0533,4.58,7.0,1.068,0.178
SC0534,3.86,0.0,0.911,0.507
SC0535,2.52,4.57,0.858,0.139
SC0536,17.26,3.27,1.124,0.447
SC0537,5.7,0.0,0.796,0.423
SC0538,5.55,6.56,1.111,0.275
SC0539,2.98,3.48,0.97,0.728
SC0540,16.06,0.0,0.975,0.11
SC0541,4.07,8.36,1.049,0.162
SC0542,8.01,10.74,1.07,0.373
SC0543,9.16,10.96,0.901,0.501
SC0544,7.25,6.44,1.086,0.61
SC0545,1.74,5.18,1.014,0.517
SC0546,10.64,10.31,0.849,0.392
SC0547,4.04,11.73,0.98,0.538
SC0548,11.67,9.53,1.166,0.074
SC0549,6.33,1.23,1.201,0.145
SC0550,9.56,5.81,1.086,0.092
SC0551,15.36,6.76,0.857,0.291
SC0552,10.37,0.0,1.059,0.368
SC0553,9.73,6.88,1.102,0.121
SC0554,10.98,14.09,1.087,0.38
SC0555,3.35,7.56,1.094,0.265
SC0556,12.01,10.89,1.044,0.264
SC0557,5.36,5.73,0.991,0.325
SC0558,5.5,4.71,0.927,0.274
SC0559,7.08,6.53,0.772,0.255
SC0560,4.97,1.74,1.041,0.08
SC0561,2.75,1.14,1.022,0.112
SC0562,6.68,10.07,1.067,0.075
SC0563,5.52,10.49,0.839,0.157
SC0564,5.37,1.04,1.077,0.432
SC0565,6.17,8.87,1.247,0.145
SC0566,0.64,4.65,1.009,0.212
SC0567,5.4,6.36,0.993,0.337
SC0568,16.65,6.84,1.037,0.27
SC0569,15.78,8.98,1.244,0.19
SC0570,6.86,5.33,0.877,0.353
SC0571,6.69,10.64,1.024,0.33
SC0572,0.43,6.24,0.904,0.442
SC0573,4.24,7.5,0.934,0.177
SC0574,10.9,1.67,0.994,0.192
SC0575,4.87,13.63,1.162,0.268
SC0576,13.53,6.88,1.216,0.162
SC0577,12.98,7.85,1.054,0.033
SC0578,4.17,0.0,0.955,0.342
SC0579,7.25,1.71,1.299,0.531
SC0580,17.53,9.95,0.949,0.244
SC0581,1.7,6.15,0.931,0.254
SC0582,4.96,0.0,0.787,0.173
SC0583,1.52,9.15,1.168,0.509
SC0584,3.14,2.82,1.116,0.056
SC0585,20.97,10.65,1.29,0.482
SC0586,4.96,4.65,0.833,0.478
SC0587,0.87,5.82,1.175,0.259
SC0588,2.73,9.72,1.008,0.171
SC0589,1.35,1.41,1.097,0.409
SC0590,7.46,1.03,0.802,0.399
SC0591,9.06,4.21,1.176,0.302
SC0592,12.13,8.31,1.094,0.069
SC0593,10.5,0.0,0.995,0.555
SC0594,1.79,0.0,1.077,0.228
SC0595,8.74,8.29,0.908,0.348
SC0596,5.96,2.59,0.93,0.05
SC0597,13.34,3.43,0.944,0.063
SC0598,11.34,0.0,0.778,0.085
SC0599,22.78,2.28,1.103,0.359
SC0600,2.94,4.97,1.143,0.491
SC0601,2.56,8.72,0.916,0.062
SC0602,4.46,1.92,1.042,0.286
SC0603,6.15,11.63,0.968,0.526
SC0604,3.76,2.26,1.039,0.039
SC0605,3.08,2.27,0.925,0.545
SC0606,8.32,11.15,0.894,0.185
SC0607,4.45,5.85,1.126,0.564
SC0608,3.62,2.79,0.992,0.207
SC0609,1.78,4.38,1.243,0.322
SC0610,0.49,10.41,1.006,0.247
SC0611,16.12,10.86,0.889,0.158
SC0612,15.8,1.73,1.147,0.148
SC0613,11.58,4.83,1.076,0.218
SC0614,9.75,5.36,1.087,0.32
SC0615,4.11,1.06,1.143,0.491
SC0616,10.04,4.78,0.922,0.22
SC0617,2.39,5.02,0.985,0.549
SC0618,7.12,9.56,0.979,0.508
SC0619,3.35,9.83,0.845,0.309
SC0620,10.07,3.68,0.968,0.261
SC0621,18.32,4.14,1.16,0.372
SC0622,2.72,7.66,1.028,0.106
SC0623,4.28,2.66,0.838,0.111
SC0624,7.02,7.35,0.813,0.22
SC0625,1.01,4.65,1.2,0.22
SC0626,1.42,1.12,0.989,0.346
SC0627,17.97,1.17,0.922,0.221
SC0628,8.35,10.79,0.967,0.583
SC0629,3.92,4.37,0.823,0.094
SC0630,6.47,11.56,1.171,0.319
SC0631,4.47,2.95,0.953,0.219
SC0632,7.18,6.16,1.164,0.49
SC0633,4.61,14.57,1.006,0.625
SC0634,6.09,0.77,1.172,0.119
SC0635,10.7,0.0,1.031,0.053
SC0636,10.23,10.15,1.102,0.202
SC0637,17.3,1.69,1.086,0.288
SC0638,8.78,4.92,1.075,0.134
SC0639,6.79,2.66,1.042,0.198
SC0640,19.02,6.07,0.972,0.227
SC0641,5.6,1.2,1.23,0.485
SC0642,0.57,4.28,0.891,0.095
SC0643,11.68,6.8,1.001,0.159
SC0644,8.05,0.97,1.002,0.174
SC0645,6.55,2.2,1.048,0.301
SC0646,11.89,3.61,0.948,0.469
SC0647,4.65,0.0,1.038,0.252
SC0648,0.61,3.31,0.98,0.193
SC0649,12.06,5.48,0.81,0.09
SC0650,3.8,3.4,1.001,0.292
SC0651,2.82,3.91,0.868,0.195
SC0652,0.66,4.92,0.792,0.146
SC0653,11.37,2.38,1.016,0.192
SC0654,0.31,7.76,1.059,0.15
SC0655,15.28,10.74,1.063,0.134
SC0656,5.03,3.14,1.068,0.164
SC0657,11.74,6.94,0.768,0.192
SC0658,8.98,4.04,0.837,0.166
SC0659,21.36,6.46,1.237,0.412
SC0660,8.8,11.26,0.874,0.242
SC0661,14.9,7.03,1.073,0.096
SC0662,4.17,0.0,0.918,0.125
SC0663,1.41,6.82,1.01,0.14
SC0664,13.01,9.93,0.924,0.861
SC0665,1.37,4.11,1.067,0.191
SC0666,11.28,8.98,1.016,0.262
SC0667,2.51,2.24,0.946,0.051
SC0668,8.16,0.0,0.874,0.201
SC0669,21.62,5.56,1.032,0.527
SC0670,10.67,0.0,0.854,0.168
SC0671,5.62,4.04,1.051,0.516
SC0672,9.13,10.15,1.315,0.126
SC0673,4.3,0.0,1.162,0.248
SC0674,27.12,0.0,1.086,0.264
SC0675,3.56,0.87,0.99,0.154
SC0676,6.12,4.75,0.767,0.275
SC0677,10.01,3.54,0.841,0.403
SC0678,8.66,10.6,1.154,0.416
SC0679,9.38,8.82,0.905,0.561
SC0680,4.38,6.98,0.916,0.237
SC0681,5.44,5.58,0.98,0.434
SC0682,12.61,6.57,0.873,0.173
SC0683,12.18,1.55,0.853,0.598
SC0684,8.81,8.43,0.994,0.124
SC0685,16.15,0.55,0.893,0.377
SC0686,12.95,8.34,0.911,0.206
SC0687,11.93,9.74,0.906,0.155
SC0688,1.34,5.84,1.063,0.108
SC0689,8.73,4.3,0.972,0.433
SC0690,7.62,6.6,0.979,0.111
SC0691,17.54,0.0,1.072,0.467
SC0692,5.85,6.21,0.983,0.399
SC0693,7.16,4.55,0.967,0.257
SC0694,2.48,4.8,1.056,0.585
SC0695,2.97,7.83,1.08,0.407
SC0696,17.58,4.7,0.982,0.059
SC0697,9.35,0.44,1.01,0.311
SC0698,21.65,4.43,0.906,0.382
SC0699,5.77,5.27,0.897,0.203
SC0700,1.71,5.46,1.092,0.266
SC0701,5.13,5.65,1.053,0.346
SC0702,4.44,9.16,1.055,0.249
SC0703,10.94,0.66,1.034,0.176
SC0704,10.63,5.7,1.006,0.113
SC0705,9.68,10.16,1.084,0.567
SC0706,26.08,0.0,1.112,0.224
SC0707,15.53,5.72,1.109,0.361
SC0708,3.16,2.66,0.988,0.206
SC0709,13.24,3.52,1.166,0.444
SC0710,6.81,1.38,1.027,0.24
SC0711,5.64,4.32,1.076,0.485
SC0712,16.84,12.37,1.034,0.301
SC0713,2.98,0.0,1.03,0.056
SC0714,12.64,0.32,0.912,0.157
SC0715,11.3,0.0,1.084,0.273
SC0716,2.93,11.91,1.341,0.263
SC0717,1.29,3.15,0.955,0.455
SC0718,6.24,4.9,1.009,0.436
SC0719,14.29,3.39,0.946,0.304
SC0720,8.71,1.22,0.941,0.196
SC0721,17.2,4.06,1.185,0.084
SC0722,8.28,14.83,0.919,0.149
SC0723,17.96,10.57,0.943,0.169
SC0724,4.05,1.59,0.81,0.194
SC0725,9.66,7.59,0.909,0.224
SC0726,4.83,1.67,0.795,0.122
SC0727,6.09,0.0,1.076,0.293
SC0728,7.15,9.08,1.336,0.072
SC0729,8.69,9.64,0.956,0.132
SC0730,3.58,9.18,0.8,0.236
SC0731,9.33,3.12,1.108,0.126
SC0732,6.88,4.33,0.913,0.081
SC0733,1.82,8.0,1.156,0.568
SC0734,1.07,6.57,0.966,0.316
SC0735,14.33,3.43,0.924,0.173
SC0736,5.86,0.0,0.979,0.405
SC0737,1.62,5.46,1.091,0.415
SC0738,19.93,9.32,0.973,0.263
SC0739,10.02,0.21,0.94,0.427
SC0740,8.52,7.56,0.976,0.14
SC0741,3.3,6.33,0.847,0.264
SC0742,1.79,8.0,1.048,0.432
SC0743,7.63,8.49,0.786,0.195
SC0744,6.55,2.22,0.947,0.557
SC0745,2.52,0.0,1.091,0.189
SC0746,2.44,2.87,1.036,0.208
SC0747,2.32,8.56,1.071,0.174
SC0748,2.24,2.83,0.992,0.212
SC0749,3.93,2.22,1.14,0.109
SC0750,8.52,0.0,1.111,0.303
SC0751,9.59,12.01,1.054,0.369
SC0752,6.45,8.3,1.111,0.194
SC0753,7.37,8.08,1.09,0.584
SC0754,9.92,8.87,0.947,0.344
SC0755,0.76,7.31,0.839,0.042
SC0756,7.81,4.02,1.05,0.249
SC0757,16.0,4.34,1.066,0.561
SC0758,5.74,3.29,1.131,0.148
SC0759,13.93,15.54,0.888,0.061
SC0760,5.82,7.22,0.891,0.541
SC0761,10.39,3.14,1.055,0.28
SC0762,8.4,6.86,0.991,0.332
SC0763,2.28,0.96,0.774,0.067
SC0764,2.84,11.02,1.045,0.338
SC0765,17.96,2.36,0.778,0.193
SC0766,12.01,7.0,0.887,0.242
SC0767,6.14,9.26,1.162,0.576
SC0768,5.52,6.54,1.219,0.19
SC0769,3.32,5.38,0.854,0.333
SC0770,8.92,5.04,0.96,0.312
SC0771,3.58,4.77,1.005,0.46
SC0772,4.95,2.69,1.214,0.118
SC0773,3.92,3.2,0.941,0.225
SC0774,11.5,10.92,0.943,0.061
SC0775,5.94,4.57,1.186,0.215
SC0776,7.42,1.86,0.955,0.259
SC0777,2.32,2.93,1.087,0.303
SC0778,3.9,9.4,0.823,0.207
SC0779,7.54,7.7,0.979,0.257
SC0780,1.37,7.24,0.801,0.436
SC0781,5.59,3.97,0.873,0.176
SC0782,6.6,7.29,1.101,0.086
SC0783,2.04,2.43,0.994,0.156
SC0784,13.52,3.96,0.962,0.303
SC0785,8.62,8.88,0.91,0.162
SC0786,5.91,8.5,0.974,0.273
SC0787,3.66,1.07,1.036,0.215
SC0788,1.31,1.58,1.118,0.451
SC0789,12.82,5.43,0.7,0.266
SC0790,4.58,11.9,0.9,0.364
SC0791,1.71,0.0,1.019,0.537
SC0792,3.56,6.11,0.988,0.118
SC0793,9.29,0.0,1.048,0.241
SC0794,7.98,2.46,1.032,0.29
SC0795,2.53,3.54,0.963,0.288
SC0796,14.39,3.32,0.937,0.275
SC0797,1.69,2.86,0.971,0.081
SC0798,16.43,5.03,1.138,0.176
SC0799,7.73,2.86,0.912,0.368
SC0800,4.87,0.0,0.992,0.112
SC0801,5.45,8.12,1.022,0.395
SC0802,7.08,8.01,1.187,0.356
SC0803,9.81,8.37,0.964,0.2
SC0804,1.06,0.0,1.115,0.27
SC0805,3.46,6.2,1.148,0.235
SC0806,6.91,7.7,0.992,0.3
SC0807,14.77,0.88,0.975,0.109
SC0808,14.39,5.04,0.961,0.297
SC0809,18.71,4.53,0.969,0.373
SC0810,13.93,12.37,1.103,0.293
SC0811,3.23,12.7,1.028,0.228
SC0812,6.58,0.0,1.028,0.276
SC0813,13.98,14.98,0.865,0.246
SC0814,13.07,1.34,0.884,0.493
SC0815,5.67,8.92,1.257,0.27
SC0816,9.62,8.88,0.979,0.273
SC0817,4.56,1.02,0.907,0.4
SC0818,1.55,6.97,1.172,0.151
SC0819,6.07,4.57,1.034,0.195
SC0820,5.79,7.22,1.069,0.218
SC0821,4.38,5.92,0.983,0.528
SC0822,9.84,9.79,0.962,0.296
SC0823,5.52,5.3,0.98,0.221
SC0824,8.88,4.33,0.834,0.186
SC0825,11.35,9.38,0.989,0.189
SC0826,28.15,7.32,1.036,0.127
SC0827,6.15,7.93,1.222,0.291
SC0828,14.91,2.34,1.01,0.263
SC0829,7.89,0.82,0.72,0.081
SC0830,8.23,2.73,0.989,0.527
SC0831,6.22,2.52,1.329,0.226
SC0832,7.39,8.14,1.104,0.412
SC0833,5.56,8.9,0.903,0.193
SC0834,13.19,4.38,1.071,0.36
SC0835,3.58,10.72,0.911,0.056
SC0836,1.53,10.47,0.838,0.369
SC0837,4.26,5.97,0.958,0.386
SC0838,3.88,1.71,1.011,0.165
SC0839,4.26,11.3,0.775,0.132
SC0840,5.96,4.76,0.862,0.236
SC0841,4.27,5.5,1.001,0.303
SC0842,5.9,3.64,0.951,0.191
SC0843,4.28,1.44,1.047,0.053
SC0844,9.02,0.0,0.854,0.181
SC0845,27.98,7.53,1.086,0.223
SC0846,7.77,1.87,0.858,0.259
SC0847,4.43,17.24,1.197,0.32
SC0848,0.43,0.66,0.794,0.4
SC0849,22.11,0.0,0.869,0.607
SC0850,8.1,7.04,1.05,0.276
SC0851,5.86,11.12,1.2,0.403
SC0852,0.47,5.26,1.038,0.129
SC0853,6.1,7.29,1.068,0.105
SC0854,7.34,0.0,1.002,0.47
SC0855,4.29,2.29,0.877,0.148
SC0856,1.87,0.71,0.941,0.387
SC0857,1.74,0.0,0.855,0.027
SC0858,22.34,5.47,0.847,0.492
SC0859,7.18,0.0,1.048,0.075
SC0860,4.29,0.0,0.865,0.451
SC0861,6.86,2.85,1.038,0.228
SC0862,6.51,1.67,0.844,0.378
SC0863,1.65,6.59,1.036,0.269
SC0864,12.59,6.22,0.941,0.294
SC0865,5.73,8.58,1.169,0.194
SC0866,7.26,8.01,1.039,0.36
SC0867,17.58,9.56,1.148,0.577
SC0868,1.93,4.99,0.909,0.397
SC0869,3.41,6.21,1.007,0.174
SC0870,8.42,7.05,0.882,0.376
SC0871,12.42,5.57,0.95,0.131
SC0872,3.95,3.41,0.969,0.135
SC0873,4.15,3.67,0.913,0.232
SC0874,10.47,1.73,0.854,0.221
SC0875,26.57,6.69,0.83,0.254
SC0876,7.04,4.62,0.719,0.3
SC0877,3.4,2.35,0.873,0.407
SC0878,2.56,2.35,1.075,0.276
SC0879,5.95,0.16,0.808,0.44
SC0880,12.03,8.92,0.836,0.596
SC0881,34.25,5.31,1.215,0.445
SC0882,5.19,1.55,0.924,0.333
SC0883,7.05,8.23,1.039,0.256
SC0884,19.93,2.76,1.077,0.527
SC0885,8.32,0.0,1.08,0.272
SC0886,7.81,9.08,0.817,0.349
SC0887,17.43,2.85,0.972,0.449
SC0888,7.17,3.36,0.806,0.202
SC0889,2.77,5.16,1.294,0.071
SC0890,15.1,9.57,0.809,0.287
SC0891,1.36,5.08,0.874,0.353
SC0892,13.41,0.2,0.875,0.262
SC0893,6.63,7.18,0.82,0.643
SC0894,5.23,3.06,1.162,0.285
SC0895,5.12,12.55,1.291,0.43
SC0896,5.93,5.0,0.943,0.331
SC0897,4.63,0.0,0.842,0.082
SC0898,9.22,6.43,0.732,0.078
SC0899,4.77,12.78,0.971,0.524
SC0900,6.66,11.3,0.962,0.3
SC0901,0.79,12.32,0.922,0.243
SC0902,6.63,0.92,1.027,0.265
SC0903,4.55,8.65,1.047,0.199
SC0904,12.74,2.11,1.039,0.47
SC0905,5.41,5.9,0.962,0.433
SC0906,11.48,0.0,0.868,0.197
SC0907,10.58,2.42,1.08,0.34
SC0908,10.79,2.3,1.002,0.495
SC0909,5.56,8.59,1.107,0.314
SC0910,6.97,8.2,1.095,0.098
SC0911,9.05,6.11,0.829,0.307
SC0912,7.13,0.0,0.828,0.186
SC0913,5.42,3.75,0.909,0.508
SC0914,3.01,2.02,0.873,0.511
SC0915,6.72,8.48,1.091,0.442
SC0916,1.54,9.71,1.042,0.294
SC0917,0.71,9.23,1.132,0.233
SC0918,2.4,1.98,1.048,0.593
SC0919,10.7,0.0,1.025,0.06
SC0920,7.93,0.0,1.144,0.185
SC0921,10.77,10.69,1.056,0.286
SC0922,3.69,3.39,1.008,0.373
SC0923,13.64,2.0,1.178,0.256
SC0924,1.74,11.57,1.014,0.316
SC0925,2.49,10.06,0.963,0.094
SC0926,13.48,5.1,0.899,0.261
SC0927,7.51,3.83,1.084,0.613
SC0928,10.82,4.47,1.148,0.563
SC0929,7.96,5.91,0.994,0.354
SC0930,4.17,11.4,1.157,0.124
SC0931,2.21,6.69,0.764,0.197
SC0932,0.98,7.9,0.993,0.163
SC0933,21.05,9.68,0.995,0.307
SC0934,1.3,0.32,0.913,0.185
SC0935,17.04,8.02,1.286,0.1
SC0936,7.2,3.82,0.992,0.288
SC0937,8.14,0.0,0.951,0.551
SC0938,7.75,0.0,1.003,0.11
SC0939,9.88,0.93,0.76,0.425
SC0940,3.39,7.12,0.909,0.307
SC0941,0.58,5.46,1.118,0.564
SC0942,4.09,5.74,0.925,0.103
SC0943,9.29,12.8,0.901,0.255
SC0944,2.51,0.0,1.157,0.508
SC0945,13.87,4.89,1.161,0.378
SC0946,6.02,6.22,1.062,0.321
SC0947,2.29,2.05,0.945,0.2
SC0948,7.46,5.11,0.971,0.588
SC0949,9.18,0.0,0.904,0.353
SC0950,9.66,10.64,0.881,0.429
SC0951,13.49,2.27,0.875,0.5
SC0952,1.6,13.13,0.926,0.369
SC0953,13.5,4.87,0.876,0.501
SC0954,14.36,9.11,0.812,0.274
SC0955,2.21,4.79,1.026,0.509
SC0956,2.67,4.88,1.028,0.065
SC0957,11.21,2.66,1.204,0.542
SC0958,4.79,5.48,0.92,0.108
SC0959,15.83,6.27,1.036,0.269
SC0960,18.86,1.86,1.038,0.671
SC0961,2.29,4.5,0.97,0.158
SC0962,3.32,2.56,1.089,0.55
SC0963,7.17,14.2,1.093,0.214
SC0964,0.56,4.64,1.039,0.157
SC0965,1.02,11.18,0.969,0.287
SC0966,2.99,4.22,0.957,0.32
SC0967,23.26,6.04,0.836,0.297
SC0968,8.02,0.0,0.903,0.148
SC0969,3.83,3.21,0.925,0.413
SC0970,2.65,5.84,0.865,0.237
SC0971,2.18,11.34,1.053,0.216
SC0972,4.08,5.89,1.144,0.454
SC0973,3.88,10.53,0.891,0.558
SC0974,5.52,7.56,1.034,0.418
SC0975,9.5,11.51,0.876,0.186
SC0976,6.22,4.76,0.963,0.469
SC0977,11.68,14.56,0.917,0.132
SC0978,5.2,3.06,1.072,0.082
SC0979,19.83,1.93,0.919,0.089
SC0980,11.48,0.16,1.121,0.14
SC0981,7.85,14.32,0.971,0.327
SC0982,9.52,8.28,0.922,0.47
SC0983,4.17,3.66,0.85,0.177
SC0984,5.45,10.0,1.03,0.472
SC0985,5.28,7.75,1.107,0.054
SC0986,3.44,12.86,1.033,0.408
SC0987,1.82,0.0,1.269,0.174
SC0988,9.9,3.94,1.172,0.224
SC0989,13.0,3.15,0.963,0.272
SC0990,8.9,0.0,0.962,0.302
SC0991,6.21,9.24,1.056,0.316
SC0992,25.88,3.92,0.899,0.137
SC0993,3.79,7.96,1.14,0.287
SC0994,8.05,14.44,1.043,0.152
SC0995,14.31,3.59,1.031,0.088
SC0996,2.42,3.32,1.082,0.296
SC0997,10.45,5.47,1.207,0.269
SC0998,20.7,8.95,1.021,0.069
SC0999,6.61,2.73,0.986,0.138
SC1000,7.52,2.48,1.181,0.065
